"Table 1: Life expectancy in 2022 to 2024 increased in all constituent countries of the United Kingdom and all English regions, compared with 2019 to 2021 "
"Summary statistics of life expectancy at birth by sex in 2022 to 2024 and changes since 2019 to 2021 for the United Kingdom, constituent countries, and English regions "

"Country 
or region","Males
 Life expectancy in 
2022 to 2024 (years)","Males 
Life expectancy in 
2019 to 2021 (years)","Males 
Change (years)","Males 
Change (months)","Females 
Life expectancy in 
2022 to 2024 (years)","Females 
Life expectancy in 
2019 to 2021 (years)","Females 
Change (years)","Females 
Change (months)"
North East,77.7,77.3,0.3,4.1,81.6,81.3,0.3,3.7
North West,77.9,77.5,0.4,5.0,81.9,81.5,0.4,4.8
Yorkshire and The Humber,78.3,78.1,0.2,2.5,82.3,82.0,0.2,3.0
East Midlands,79.0,78.8,0.2,2.7,82.8,82.6,0.3,3.5
West Midlands,78.7,78.2,0.5,6.2,82.8,82.4,0.4,4.6
East of England,80.3,80.0,0.4,4.2,84.0,83.6,0.4,4.5
London,80.5,79.2,1.2,14.9,84.7,83.7,1.0,12.0
South East,80.7,80.2,0.5,5.5,84.4,83.9,0.4,5.1
South West,80.3,80.3,0.0,0.2,84.1,84.1,0.0,0.5
England,79.5,79.0,0.4,5.2,83.3,82.9,0.4,4.7
Northern Ireland,78.8,78.5,0.3,3.9,82.6,82.3,0.3,4.1
Scotland,77.2,76.6,0.6,6.9,81.1,80.8,0.3,3.3
Wales,78.3,78.0,0.3,3.4,82.2,81.8,0.3,3.9
United Kingdom,79.2,78.7,0.4,5.2,83.0,82.7,0.4,4.5

Source: ,Life expectancy for local areas of the UK from the Office for National Statistics
Notes
1,"All differences stated in this release, such as change (months), are calculated using unrounded data."
